gene1,gene2,lag,p-value
CCND2,ZEB2,1,0.0002749673725256608
CCND2,ZEB2,1,0.0002749673725256608
CCND2,ZNF674,1,0.0001348696529452928
PHGDH,CCND2,1,6.22150189569877e-05
TMEM240,CCND2,1,0.00025737991258151043
CCND2,ZNF674,1,0.0001348696529452928
CTNNB1,PHGDH,1,6.40886815332835e-05
HSF4,ZNF674,1,0.000310620663809406
PHGDH,CCND2,1,6.22150189569877e-05
PHGDH,COL2A1,1,0.00013155967614338694
PHGDH,CYC1,1,0.00023072595900299752
TMEM240,CCND2,1,0.00025737991258151043
ZNF674,DLL4,1,0.0003114869296451913
ZNF674,MAP2K1,1,4.821546545526679e-05
ASL,CTNNB1,1,0.00014096890197602514
BSCL2,DLL4,1,0.00028282155479961743
COL2A1,CTSF,1,0.00015375016548535903
COX7B,DLL4,1,0.00015849867631508033
CTNNB1,PHGDH,1,6.40886815332835e-05
FGD1,CTNNB1,1,0.0002575288234490949
GALK1,DLL4,1,0.00021189242980634566
HCFC1,COL2A1,1,0.0001299145326742121
HSF4,DLG3,1,0.00021167770322657255
HSF4,PIGV,1,0.0002445634010443328
HSF4,ZNF674,1,0.000310620663809406
MAP2K1,CYP1B1,1,0.00014334824192027581
NPHP1,DLL4,1,9.674738105086961e-05
PEX2,DLL4,1,0.0003275939238677313
PHGDH,COL2A1,1,0.00013155967614338694
PHGDH,CYC1,1,0.00023072595900299752
SOX3,CTNNB1,1,0.00015857521159283922
SUMF1,CTNNB1,1,5.9712721312831676e-05
ZNF674,DLL4,1,0.0003114869296451913
ZNF674,MAP2K1,1,4.821546545526679e-05
ACAN,DLG3,1,0.00022966286290845207
ACP5,CYP1B1,1,0.00020407305077909548
ASL,CTNNB1,1,0.00014096890197602514
ASL,EOGT,1,0.0003409808715723386
ASL,NAA10,1,0.0002520150528940775
B4GALNT1,ASL,1,2.861602797178702e-05
BSCL2,CHD7,1,0.00011628760070894678
BSCL2,DLL4,1,0.00028282155479961743
C19orf12,ASL,1,3.103966232839226e-05
CHD4,PEX2,1,4.870467395951233e-05
COL2A1,CTSF,1,0.00015375016548535903
COX7B,DLL4,1,0.00015849867631508033
DLG2,SOX3,1,0.00034996642016442425
FA2H,CYP1B1,1,0.00025362435346582777
FGD1,CTNNB1,1,0.0002575288234490949
GALK1,D2HGDH,1,5.854322652905218e-05
GALK1,DLL4,1,0.00021189242980634566
GNPTAB,PIGV,1,6.206225095156529e-05
HCFC1,ACTA2,1,2.8141511106031986e-05
HCFC1,COL2A1,1,0.0001299145326742121
HCFC1,TRAPPC6B,1,0.0001915007228615293
HEXA,GALK1,1,0.000267616404829167
HSF4,DLG3,1,0.00021167770322657255
HSF4,PIGV,1,0.0002445634010443328
MAP2K1,CYP1B1,1,0.00014334824192027581
MAT1A,CTSF,1,0.00012146273869564659
NPHP1,DLL4,1,9.674738105086961e-05
NTRK1,CYP1B1,1,0.00021252061140551907
PEX2,DLL4,1,0.0003275939238677313
PEX2,SLC27A4,1,0.0002432511570319556
PIGV,WDR26,1,0.00012280471608261878
SLC12A6,PEX2,1,0.00015302830445698316
SOX3,CTNNB1,1,0.00015857521159283922
SOX3,HSD17B4,1,6.129031073980978e-05
STRADA,BSCL2,1,0.00027303821684574554
SUMF1,COL11A1,1,0.0002423381685966516
SUMF1,CTNNB1,1,5.9712721312831676e-05
SUMF1,EEF1B2,1,0.0001976395089502613
SUMF1,TMEM126B,1,2.4908024449747192e-05
UBE3B,PEX2,1,0.00020360807055933106
ACAN,DLG3,1,0.00022966286290845207
ACAN,TGFB1,1,1.0077665141621579e-05
ACAN,TUBG1,1,0.0003245845761447635
ACP5,CD96,1,0.0002558256078140634
ACP5,CYP1B1,1,0.00020407305077909548
ACP5,DSTYK,1,0.00011349814036782801
ACP5,NAGS,1,2.343364541214121e-05
ASL,EOGT,1,0.0003409808715723386
ASL,NAA10,1,0.0002520150528940775
B4GALNT1,ASL,1,2.861602797178702e-05
BSCL2,CHD7,1,0.00011628760070894678
C19orf12,ASL,1,3.103966232839226e-05
CHD4,PEX2,1,4.870467395951233e-05
CHD4,TCF12,1,0.00029530551393768976
COQ9,TRAPPC6B,1,0.00013290690199379583
CRYBA1,D2HGDH,1,4.966057670142583e-05
D2HGDH,JAM3,1,3.3602943199987935e-05
DLG2,SOX3,1,0.00034996642016442425
EBP,UBE3B,1,0.00010272129594535078
EDA,TMEM126B,1,0.00030751358866622593
EEF1B2,CEP57,1,0.00033348789255680374
EOGT,ITPR1,1,0.0002924220855946392
EOGT,SPR,1,0.000277209292052164
FA2H,CYP1B1,1,0.00025362435346582777
FGF12,WDR26,1,0.0001642611641370843
FUT8,SLC12A6,1,0.00013580513998986098
GALK1,D2HGDH,1,5.854322652905218e-05
GLI3,WDR26,1,0.00022202562594001823
GNPTAB,CHD4,1,0.00025234484123454984
GNPTAB,HADHA,1,0.00018862212388300636
GNPTAB,PIGV,1,6.206225095156529e-05
GRIK2,SLC27A4,1,0.00031762417487084997
HCFC1,ACTA2,1,2.8141511106031986e-05
HCFC1,TRAPPC6B,1,0.0001915007228615293
HEXA,FBXO11,1,0.00021476446258518423
HEXA,GALK1,1,0.000267616404829167
HEXA,SLC25A22,1,0.0002449665171494881
HNRNPU,WDR26,1,0.00016389461587926196
HSD17B4,BCKDHB,1,0.00018092125173008107
HSD17B4,COX10,1,0.00017503213113410963
LARP7,SLC12A6,1,0.00031161242044234957
LRP2,ACAN,1,0.00023928265367149454
MAT1A,CTSF,1,0.00012146273869564659
MAT1A,SLC39A14,1,0.00032100713540777565
NAA10,GRIA1,1,3.425207565289729e-05
NKX3-2,EOGT,1,0.0002813115329253697
NTRK1,CYP1B1,1,0.00021252061140551907
NTRK1,SLC25A15,1,0.00029273485970610465
PEX2,SLC27A4,1,0.0002432511570319556
PEX26,TRAPPC6B,1,0.00020269426213679432
PIGV,WDR26,1,0.00012280471608261878
RAB18,WDR26,1,9.143632074160328e-05
SGPL1,SLC12A6,1,0.00017375805213835696
SHANK3,FA2H,1,0.00022334911032586625
SLC12A6,PEX2,1,0.00015302830445698316
SOS1,B4GALNT1,1,8.564948871148424e-05
SOX11,WDR26,1,1.3640543395336426e-05
SOX3,HSD17B4,1,6.129031073980978e-05
STRADA,BSCL2,1,0.00027303821684574554
STRADA,CRYBA1,1,8.335085322258704e-05
STRADA,EPG5,1,0.00015791380932889275
STRADA,GRIA2,1,2.9852521209619973e-05
SUMF1,COL11A1,1,0.0002423381685966516
SUMF1,EEF1B2,1,0.0001976395089502613
SUMF1,TMEM126B,1,2.4908024449747192e-05
TBX1,GNPTAB,1,3.73659430684729e-05
TMEM126B,SMOC1,1,0.0001782518117204605
TRAPPC6B,ADK,1,0.00010429179967530831
UBE3B,PEX2,1,0.00020360807055933106
UBE3B,RAB40AL,1,9.086218346893582e-05
UBE3B,SOX11,1,0.00025274047474482944
UGT1A1,DLG2,1,5.750474283907383e-05
UNC80,ACTA2,1,0.00021652253900880018
UPB1,CHD7,1,0.0001044173880221431
WDR13,CHD7,1,0.0003099971116647528
WDR26,TBX5,1,0.00021991218931291832
ABCD1,HADHA,1,0.00013887740668128569
ACAN,TGFB1,1,1.0077665141621579e-05
ACAN,TUBG1,1,0.0003245845761447635
ACP5,CD96,1,0.0002558256078140634
ACP5,DSTYK,1,0.00011349814036782801
ACP5,NAGS,1,2.343364541214121e-05
ADK,MPDU1,1,0.00025223581250695875
ASCL1,SLC25A22,1,0.00015411159266179468
ASH1L,TBX1,1,3.1999212738515934e-05
ATP2A2,TCF12,1,0.00026902299610371107
BBS7,SLC25A22,1,0.0003394719690068583
CACNA1C,UGT1A1,1,7.628442405055677e-05
CASR,CD96,1,0.0002895715140759258
CHD4,TCF12,1,0.00029530551393768976
COG8,ITPR1,1,0.0003305268880367488
COL6A1,CRYBA1,1,1.294297334433204e-05
COQ9,PSAP,1,0.00034512788621014734
COQ9,TRAPPC6B,1,0.00013290690199379583
CRYBA1,D2HGDH,1,4.966057670142583e-05
CTC1,GRIA1,1,0.00010371592153357519
CTCF,SMOC1,1,3.441038368277786e-05
CTSD,GLI3,1,7.891846125399587e-05
D2HGDH,JAM3,1,3.3602943199987935e-05
DPP6,EBP,1,0.00020616150401548504
EBP,UBE3B,1,0.00010272129594535078
EDA,SLC16A2,1,0.0002645270249093798
EDA,TMEM126B,1,0.00030751358866622593
EEF1B2,CEP57,1,0.00033348789255680374
EOGT,ITPR1,1,0.0002924220855946392
EOGT,SPR,1,0.000277209292052164
FGF12,WDR26,1,0.0001642611641370843
FH,RAB18,1,0.0001604427126721883
FUT8,EHMT1,1,0.00018140359117582217
FUT8,SLC12A6,1,0.00013580513998986098
GLI3,KLHL15,1,0.0002731885130393761
GLI3,NDUFS3,1,0.0002551799228620644
GLI3,WDR26,1,0.00022202562594001823
GNPTAB,HADHA,1,0.00018862212388300636
GRIA1,SETD2,1,8.710477029123627e-05
GRIA2,MAPK10,1,0.0002566996193344109
GRIK2,SLC27A4,1,0.00031762417487084997
GRIK2,TGFB2,1,0.00022195458224038108
GTF2H5,COX10,1,0.00014665925243163876
HEXA,FBXO11,1,0.00021476446258518423
HEXA,SLC25A22,1,0.0002449665171494881
HNRNPU,WDR26,1,0.00016389461587926196
HPGD,CD96,1,0.000331008500532995
HSD17B4,BCKDHB,1,0.00018092125173008107
HSD17B4,COX10,1,0.00017503213113410963
IRX5,EBP,1,8.11316051178627e-05
JAM3,NDUFS2,1,0.00034199782731516914
JAM3,SC5D,1,0.00013983591495993463
LARP7,GRIN2A,1,5.214887630809967e-05
LARP7,SLC12A6,1,0.00031161242044234957
LGI4,SPR,1,0.0003487300944859662
LRP2,ACAN,1,0.00023928265367149454
MAT1A,SLC39A14,1,0.00032100713540777565
MTM1,CD96,1,4.264502862802249e-06
NAA10,GRIA1,1,3.425207565289729e-05
NAGS,ATP6V1B1,1,0.00015993758819348982
NDUFAF2,UNC80,1,0.00016047553497060884
NKX3-2,ARHGEF9,1,0.00029089903928340136
NKX3-2,EOGT,1,0.0002813115329253697
NTRK1,SLC25A15,1,0.00029273485970610465
PEX26,TRAPPC6B,1,0.00020269426213679432
RAB18,NKX3-2,1,0.00014702206345213148
RAB18,WDR26,1,9.143632074160328e-05
SGPL1,AKT3,1,0.0003382167008699674
SGPL1,SLC12A6,1,0.00017375805213835696
SHANK3,FA2H,1,0.00022334911032586625
SLC25A22,DKC1,1,7.457962970279287e-05
SLC39A14,MSX2,1,4.840818138765865e-05
SLC39A14,PACS2,1,0.00025494740278581327
SMOC1,SNAP29,1,0.0002725540718071905
SOS1,B4GALNT1,1,8.564948871148424e-05
SOX11,WDR26,1,1.3640543395336426e-05
SPR,WNT3,1,0.0003149430291930282
STRA6,TBX1,1,0.0002644597155955858
STRADA,CRYBA1,1,8.335085322258704e-05
STRADA,EPG5,1,0.00015791380932889275
STRADA,GRIA2,1,2.9852521209619973e-05
TBX1,GNPTAB,1,3.73659430684729e-05
TBX1,SLC6A9,1,0.000312912193179198
TCF12,CDH23,1,0.00017773554245594176
TCF12,CDKL5,1,0.00023110900958951154
TH,ITPR1,1,3.158671818999115e-06
TMEM126B,SMOC1,1,0.0001782518117204605
TMEM165,GRIK2,1,8.189327462869019e-05
TRAPPC6B,ADK,1,0.00010429179967530831
UBE3B,RAB40AL,1,9.086218346893582e-05
UBE3B,SOX11,1,0.00025274047474482944
UGT1A1,ATP1A3,1,9.188862116356519e-05
UGT1A1,DLG2,1,5.750474283907383e-05
UNC80,ACTA2,1,0.00021652253900880018
UNC80,IRF6,1,0.00022175116848753058
UNC80,LMX1B,1,0.0003097305176204831
UNC80,SLC45A1,1,0.00013317217362254378
UPB1,CEP104,1,2.4298424214397585e-05
UPB1,CHD7,1,0.0001044173880221431
WDR13,CHD7,1,0.0003099971116647528
WDR26,TBX5,1,0.00021991218931291832
ABCD1,HADHA,1,0.00013887740668128569
ADGRG6,TH,1,0.00021379739131501959
ADK,MPDU1,1,0.00025223581250695875
AK1,SLC16A2,1,0.00017834946330398882
AKT3,CTSK,1,0.0002891648665903309
AKT3,KLF8,1,0.00032645656773216974
APOPT1,TGFB2,1,0.00015805647529995156
ASCL1,FANCC,1,0.00022213777364292928
ASCL1,SLC25A22,1,0.00015411159266179468
ASH1L,EP300,1,7.842684550146482e-05
ASH1L,TBX1,1,3.1999212738515934e-05
ATP1A3,MSX2,1,0.00011997539396113175
ATP2A2,TCF12,1,0.00026902299610371107
BBS7,KRAS,1,8.149442482062815e-05
BBS7,PYCR1,1,0.0003203718645243893
BBS7,SLC25A22,1,0.0003394719690068583
BBS7,SMAD3,1,5.9158791122793955e-05
BGN,PACS2,1,2.272035473881225e-06
BRF1,SC5D,1,0.00018669615693706163
CACNA1C,EVC2,1,0.00018637620659110957
CACNA1C,FBP1,1,6.791942793862834e-05
CACNA1C,UGT1A1,1,7.628442405055677e-05
CASR,CD96,1,0.0002895715140759258
CASR,TP63,1,1.5056175906523358e-05
CEP104,MGAT2,1,0.00028254364827915427
COG8,ITPR1,1,0.0003305268880367488
COL6A1,CRYBA1,1,1.294297334433204e-05
COL6A1,DYNC1H1,1,0.000307336102367195
COQ4,COG8,1,0.000228783372419347
COQ9,PSAP,1,0.00034512788621014734
CTC1,GRIA1,1,0.00010371592153357519
CTCF,SMOC1,1,3.441038368277786e-05
CTSD,GLI3,1,7.891846125399587e-05
DOLK,ATP2A2,1,9.580678798096758e-05
DPP6,EBP,1,0.00020616150401548504
DYNC2H1,TMEM165,1,0.00019473669866810225
EDA,SLC16A2,1,0.0002645270249093798
FAM20C,MSX2,1,0.00011388536958591004
FH,RAB18,1,0.0001604427126721883
FKBP14,NDUFS2,1,0.00013336822702549142
FUT8,EHMT1,1,0.00018140359117582217
GLI3,KLHL15,1,0.0002731885130393761
GLI3,NDUFS3,1,0.0002551799228620644
GNPAT,NDUFAF2,1,5.321641135363899e-05
GRIA1,SETD2,1,8.710477029123627e-05
GRIA2,MAPK10,1,0.0002566996193344109
GRIK2,TGFB2,1,0.00022195458224038108
GRIN2A,SLC25A38,1,9.820897047370797e-06
GTF2H5,COX10,1,0.00014665925243163876
GTF2H5,NBAS,1,0.0002733234664658007
HDAC4,SC5D,1,6.01075814162985e-06
HPGD,CD96,1,0.000331008500532995
HPGD,COL1A1,1,9.763026462106104e-05
HYDIN,TGFB2,1,2.6453767136960122e-05
IRF6,DDB2,1,7.541404476639273e-05
IRX5,EBP,1,8.11316051178627e-05
JAM3,NDUFS2,1,0.00034199782731516914
JAM3,SC5D,1,0.00013983591495993463
KIF5A,IRX5,1,0.00021115572753946808
LARP7,GRIN2A,1,5.214887630809967e-05
LGI4,SPR,1,0.0003487300944859662
LMX1B,GLB1,1,5.97851583490796e-05
MAF,MSX2,1,3.121429978396434e-05
MPDU1,ACO2,1,0.0001028004393621422
MTHFR,SC5D,1,0.00028766683296200916
MTM1,CD96,1,4.264502862802249e-06
MTM1,NAA15,1,0.00010300764479822073
NAGLU,TH,1,0.000281461977278815
NAGS,ATP6V1B1,1,0.00015993758819348982
NDUFAF2,UNC80,1,0.00016047553497060884
NDUFS2,GNAS,1,0.00023791941701933097
NKX3-2,ARHGEF9,1,0.00029089903928340136
NOTCH2,SC5D,1,3.311192489717191e-05
NSDHL,COL6A1,1,0.0001989330361726265
PACS1,SLC16A2,1,0.0001421181400176845
PCCB,CEP104,1,0.00026314196446792826
PCGF2,ARHGEF9,1,0.00021725381011552334
PCGF2,ASCL1,1,0.00034232768356761946
PET100,SNAP29,1,0.0002752692004479068
PITX3,DPP6,1,0.00024572895232015065
PLCB1,COG8,1,9.852601347754708e-05
POLR1C,ARHGEF9,1,9.583613486392186e-05
PSAP,MAPRE2,1,0.0002523672414672912
PTEN,FH,1,7.144501718057801e-05
PUS1,MSX2,1,0.0003475496412083046
RAI1,SLC16A2,1,0.0002814825982278883
RHOBTB2,CTCF,1,0.00032000223819753386
RNF135,GRIN2A,1,0.0002717265291661138
SCARF2,CTC1,1,0.00029967604459676776
SCN11A,MAPK10,1,0.00026389444575895463
SETBP1,ARHGEF9,1,0.0001773028091335229
SGPL1,AKT3,1,0.0003382167008699674
SLC16A2,TXNL4A,1,8.853955991865895e-05
SLC25A22,DKC1,1,7.457962970279287e-05
SLC39A14,MSX2,1,4.840818138765865e-05
SLC39A14,PACS2,1,0.00025494740278581327
SLC6A9,MNX1,1,0.0001096345366213239
SMOC1,SNAP29,1,0.0002725540718071905
SNAP29,TBX15,1,0.0003453522649418649
SPR,WNT3,1,0.0003149430291930282
STRA6,TBX1,1,0.0002644597155955858
TBX1,SLC6A9,1,0.000312912193179198
TCF12,CDH23,1,0.00017773554245594176
TCF12,CDKL5,1,0.00023110900958951154
TGFB2,ASCL1,1,5.110184322883175e-06
TH,ITPR1,1,3.158671818999115e-06
TH,NSDHL,1,0.0002444690361389953
TMEM165,GRIK2,1,8.189327462869019e-05
TMEM165,TAB2,1,0.00023639583906552198
UGT1A1,ATP1A3,1,9.188862116356519e-05
UNC80,IRF6,1,0.00022175116848753058
UNC80,LMX1B,1,0.0003097305176204831
UNC80,SLC45A1,1,0.00013317217362254378
UPB1,CEP104,1,2.4298424214397585e-05
WNT3,GDF6,1,9.40582053137378e-05
WNT3,IRX5,1,4.51769206642238e-05
ZNF41,NDUFS3,1,0.0003267879034694006
ADGRG6,TH,1,0.00021379739131501959
ADPRHL2,NOTCH2,1,0.00018286358956682986
AK1,SLC16A2,1,0.00017834946330398882
AKT3,CTSK,1,0.0002891648665903309
AKT3,KLF8,1,0.00032645656773216974
ALAD,KRAS,1,0.00033930638511110907
ALPL,KIF5A,1,0.00010670074138257124
ANO5,TP63,1,0.00017709596343174424
AP3B2,GLB1,1,0.0003257094203326593
APOPT1,TGFB2,1,0.00015805647529995156
APTX,PCGF2,1,6.303136261392752e-05
ARID2,HDAC4,1,0.0002937089004785352
ASCL1,FANCC,1,0.00022213777364292928
ASH1L,EP300,1,7.842684550146482e-05
BBS12,DYNC1H1,1,0.0003052947959013447
BBS7,KRAS,1,8.149442482062815e-05
BBS7,PYCR1,1,0.0003203718645243893
BBS7,SMAD3,1,5.9158791122793955e-05
BGN,MMP13,1,3.6786756869903934e-06
BGN,PACS2,1,2.272035473881225e-06
BHLHA9,SCN11A,1,0.00019205204216909808
BRF1,SC5D,1,0.00018669615693706163
CA8,MNX1,1,0.00034587795259103066
CACNA1C,EVC2,1,0.00018637620659110957
CACNA1C,FBP1,1,6.791942793862834e-05
CASP2,NAGLU,1,0.00017841758676932423
CASR,TP63,1,1.5056175906523358e-05
CEP104,MGAT2,1,0.00028254364827915427
COL1A1,COL4A1,1,0.00032663336312336157
COL1A1,GNS,1,0.00028519575756650917
COL6A1,DYNC1H1,1,0.000307336102367195
COQ4,COG8,1,0.000228783372419347
CRADD,MNX1,1,5.718724048946407e-05
DDX53,NBAS,1,0.0003330071490968533
DOLK,ATP2A2,1,9.580678798096758e-05
DPYD,KIF5A,1,0.0002278421129085769
DYNC2H1,AP4B1,1,0.00020980847367371515
DYNC2H1,ELP2,1,0.00012957116660170892
DYNC2H1,MMAA,1,0.00033183892684849795
DYNC2H1,TMEM165,1,0.00019473669866810225
ERCC6L2,NBAS,1,1.2160008585407686e-05
EVC2,CSTB,1,3.3118872472610784e-05
EVC2,WDR73,1,0.00029380370336147234
FAM20C,GRM6,1,0.0001677496968390714
FAM20C,MSX2,1,0.00011388536958591004
FAM20C,TAF2,1,0.0001827354542915089
FBXO31,DDB2,1,7.019413645224265e-05
FKBP14,NDUFS2,1,0.00013336822702549142
FOLR1,GDF6,1,0.00021043745458684446
GDF6,POMT2,1,0.00026865527272048494
GJA1,GLB1,1,0.00028927637107547394
GLB1,FOXRED1,1,2.429805713362452e-05
GNPAT,KIF2A,1,6.150974847504871e-05
GNPAT,NDUFAF2,1,5.321641135363899e-05
GPAA1,FANCC,1,0.00012544326796728566
GRIN2A,SLC25A38,1,9.820897047370797e-06
GTF2H5,NBAS,1,0.0002733234664658007
HDAC4,SC5D,1,6.01075814162985e-06
HDAC8,RHOBTB2,1,0.00020149956213860547
HPGD,COL1A1,1,9.763026462106104e-05
HYDIN,TGFB2,1,2.6453767136960122e-05
IFT43,EVC2,1,0.0001097584993572374
IRF6,DDB2,1,7.541404476639273e-05
KIF5A,IRX5,1,0.00021115572753946808
KLF8,HACE1,1,0.00020012118107158702
KLF8,NDP,1,2.1245038215096734e-05
L1CAM,KIF5A,1,0.0001886003989473683
LMX1B,GLB1,1,5.97851583490796e-05
MAF,MSX2,1,3.121429978396434e-05
MMAA,NOTCH2,1,1.7529739455802206e-06
MPDU1,ACO2,1,0.0001028004393621422
MPLKIP,PUS1,1,0.0002649996311199027
MSL3,SMAD3,1,0.00019429739644493527
MTHFR,SC5D,1,0.00028766683296200916
MTM1,NAA15,1,0.00010300764479822073
NAGLU,MAN2B1,1,5.7552814186625896e-05
NAGLU,PSMB8,1,0.00032986998330058944
NAGLU,TH,1,0.000281461977278815
NDUFS2,GNAS,1,0.00023791941701933097
NOTCH2,SC5D,1,3.311192489717191e-05
NPC1,SLC25A38,1,0.00023576717082396994
NSDHL,COL6A1,1,0.0001989330361726265
NSDHL,FTO,1,0.0002222752614257982
NSDHL,RRM2B,1,9.781403203305833e-05
OTUD6B,MGAT2,1,5.498052504432879e-05
PACS1,DNAJC19,1,0.0001387148619109584
PACS1,SLC16A2,1,0.0001421181400176845
PACS1,SYNJ1,1,0.00023695898156629534
PCCB,CEP104,1,0.00026314196446792826
PCGF2,ARHGEF9,1,0.00021725381011552334
PCGF2,ASCL1,1,0.00034232768356761946
PCGF2,PEX14,1,0.0002639546016323735
PET100,PKD1L1,1,4.485202579466144e-05
PET100,SNAP29,1,0.0002752692004479068
PEX13,SCN11A,1,0.00018862645615725862
PEX5,KLF8,1,0.0002825316376423954
PGM3,PUS1,1,0.00019977831840249256
PITX3,DPP6,1,0.00024572895232015065
PLCB1,COG8,1,9.852601347754708e-05
PLCB1,LTBP2,1,0.0002554825944165906
PMM2,MGAT2,1,0.00020668509576322536
POLR1C,ARHGEF9,1,9.583613486392186e-05
POLR1C,TSC2,1,2.1482885968396827e-05
PSAP,MAPRE2,1,0.0002523672414672912
PTEN,FH,1,7.144501718057801e-05
PTEN,OTULIN,1,0.00023366394487167835
PUS1,MSX2,1,0.0003475496412083046
QRICH1,GDF6,1,0.0001044961717081324
RAI1,MMADHC,1,0.0002024959188016147
RAI1,SLC16A2,1,0.0002814825982278883
RHOBTB2,CTCF,1,0.00032000223819753386
RNF125,ADGRG6,1,0.0002514697300392262
RNF135,GRIN2A,1,0.0002717265291661138
RUNX2,PLCB1,1,0.00021862688278803032
SCARF2,CTC1,1,0.00029967604459676776
SCARF2,NBN,1,0.0001010250679149257
SCN11A,MAPK10,1,0.00026389444575895463
SETBP1,ARHGEF9,1,0.0001773028091335229
SETD5,FANCC,1,0.00031903665896918486
SHROOM4,FKBP14,1,5.8607573692042036e-05
SLC16A2,TXNL4A,1,8.853955991865895e-05
SLC25A38,SETD1A,1,0.0002737630912375194
SLC39A8,PITX3,1,0.00029612464760133723
SLC6A9,MNX1,1,0.0001096345366213239
SNAP29,TBX15,1,0.0003453522649418649
TAB2,GLUL,1,0.00019516914196579473
TAB2,MFSD2A,1,0.0002672360102010524
TAB2,TRMT1,1,0.0002844046143308072
TAT,GLB1,1,0.00021558105265758137
TH,NSDHL,1,0.0002444690361389953
TIMM8A,PACS1,1,0.00021846897473804945
TMEM165,TAB2,1,0.00023639583906552198
TMTC3,TAB2,1,0.0003498061150117182
TSEN54,MGAT2,1,0.00029108267284460286
WNT3,GDF6,1,9.40582053137378e-05
ZNF41,NDUFS3,1,0.0003267879034694006
ADPRHL2,CLP1,1,0.0003108785110536736
ADPRHL2,NDP,1,0.00014567639031926662
ADPRHL2,NOTCH2,1,0.00018286358956682986
AFF4,ALAD,1,0.0003192257994968173
AKT1,OTULIN,1,0.00032791425111367917
ALAD,KRAS,1,0.00033930638511110907
ALPL,ARL14EP,1,6.249645746237754e-05
ALPL,KIF5A,1,0.00010670074138257124
ANO5,PGM1,1,0.00030757820941212596
ANO5,TP63,1,0.00017709596343174424
ANO5,WNT7A,1,1.2555008992920223e-05
AP3B2,GLB1,1,0.0003257094203326593
AP3B2,LAS1L,1,0.00025059309609017116
AP4B1,CLCN7,1,0.00027950557034174745
APTX,CNOT3,1,0.00011110931858583719
APTX,PCGF2,1,6.303136261392752e-05
ARID2,HDAC4,1,0.0002937089004785352
ARMC9,RRM2B,1,0.0002476177565771894
ARSA,NDP,1,1.6976428686427866e-05
AUH,ADPRHL2,1,1.594246582547478e-05
B3GALNT2,AP3B2,1,0.0001102433199294917
BBS12,DYNC1H1,1,0.0003052947959013447
BGN,MMP13,1,3.6786756869903934e-06
BHLHA9,ATP1A1,1,0.0001340063017244361
BHLHA9,SCN11A,1,0.00019205204216909808
CA8,MNX1,1,0.00034587795259103066
CACNA1D,IFT43,1,0.00029273562339094647
CACNA1D,MFSD2A,1,0.0002473188005402537
CASP2,NAGLU,1,0.00017841758676932423
CHL1,MMAA,1,0.00023884155854952063
COL1A1,COL4A1,1,0.00032663336312336157
COL1A1,GNS,1,0.00028519575756650917
CRADD,IFIH1,1,0.00020944952177310856
CRADD,MNX1,1,5.718724048946407e-05
DCC,FTO,1,4.144063837803166e-05
DDX53,NBAS,1,0.0003330071490968533
DNMT3B,PEX14,1,5.3557599165949795e-05
DPYD,KIF5A,1,0.0002278421129085769
DYNC2H1,AP4B1,1,0.00020980847367371515
DYNC2H1,ELP2,1,0.00012957116660170892
DYNC2H1,MMAA,1,0.00033183892684849795
EEF1A2,MMAA,1,8.469309782356214e-05
ERCC6L2,NBAS,1,1.2160008585407686e-05
ETFDH,MAN2B1,1,4.3662089776922644e-06
EVC2,CSTB,1,3.3118872472610784e-05
EVC2,WDR73,1,0.00029380370336147234
EXT2,CRADD,1,5.712765575499957e-05
FAM20C,GRM6,1,0.0001677496968390714
FAM20C,TAF2,1,0.0001827354542915089
FBXO31,DDB2,1,7.019413645224265e-05
FMN2,ARID2,1,0.00027692545351289864
FOLR1,GDF6,1,0.00021043745458684446
FOLR1,INPP4A,1,8.680607484258917e-05
FOXE3,TAT,1,7.450905666282554e-05
GDF6,POMT2,1,0.00026865527272048494
GJA1,COLEC11,1,0.00017861593269782685
GJA1,GLB1,1,0.00028927637107547394
GJB3,FOLR1,1,0.00023982806023788484
GLB1,FOXRED1,1,2.429805713362452e-05
GNPAT,KIF2A,1,6.150974847504871e-05
GPAA1,FANCC,1,0.00012544326796728566
HDAC8,RHOBTB2,1,0.00020149956213860547
HERC1,TSEN54,1,0.00012693175395639045
HMGCL,KIF2A,1,0.00031020966927521195
HNMT,PEX13,1,5.025023684631694e-05
HRAS,KIF2A,1,0.0002973075696458395
IFITM5,DPYD,1,0.00027434520255070993
IFT43,DIP2B,1,0.0002299512050830439
IFT43,EVC2,1,0.0001097584993572374
KIF2A,ALX3,1,0.0002844071447927601
KLF1,TMTC3,1,0.00014011440084643723
KLF8,HACE1,1,0.00020012118107158702
KLF8,NDP,1,2.1245038215096734e-05
L1CAM,AHI1,1,0.00020581097626845674
L1CAM,KIF5A,1,0.0001886003989473683
L1CAM,MMACHC,1,1.8957698908560002e-05
LAMB1,COL4A1,1,6.3052589784434654e-06
LHX3,OTUD6B,1,0.00021318658418242688
MAN2B1,RTTN,1,8.912455717578973e-05
MFSD2A,GABRB2,1,9.670848936058867e-05
MMAA,NOTCH2,1,1.7529739455802206e-06
MMADHC,ADPRHL2,1,4.811283920765822e-05
MMP13,SPAG1,1,0.00022788729802072945
MPLKIP,PUS1,1,0.0002649996311199027
MSL3,SMAD3,1,0.00019429739644493527
NACC1,FOLR1,1,0.00017905537027413062
NAGLU,MAN2B1,1,5.7552814186625896e-05
NAGLU,PSMB8,1,0.00032986998330058944
NBN,C5orf42,1,0.00014869604599162042
NBN,PITX2,1,0.00032049754199918175
NPC1,SLC25A38,1,0.00023576717082396994
NPHS1,ELP2,1,0.000129107530961281
NSDHL,FTO,1,0.0002222752614257982
NSDHL,RRM2B,1,9.781403203305833e-05
OTUD6B,MGAT2,1,5.498052504432879e-05
OTUD6B,SCN1A,1,9.806643527823334e-05
PACS1,DNAJC19,1,0.0001387148619109584
PACS1,SYNJ1,1,0.00023695898156629534
PCGF2,PEX14,1,0.0002639546016323735
PET100,PKD1L1,1,4.485202579466144e-05
PEX1,GRM6,1,0.0002275701572896196
PEX13,SCN11A,1,0.00018862645615725862
PEX14,AP1S2,1,3.401783882520108e-05
PEX5,KLF8,1,0.0002825316376423954
PGM3,DIAPH1,1,0.00026073429372253413
PGM3,PUS1,1,0.00019977831840249256
PLCB1,LTBP2,1,0.0002554825944165906
PLOD2,SYNJ1,1,0.00034832371475935337
PMM2,MGAT2,1,0.00020668509576322536
POLR1C,TSC2,1,2.1482885968396827e-05
PRSS12,FOLR1,1,0.000345695055201981
PSMB8,MCPH1,1,5.349870125953484e-05
PTEN,OTULIN,1,0.00023366394487167835
QRICH1,GDF6,1,0.0001044961717081324
QRICH1,RBBP8,1,0.00019876994301229348
RAC1,QRICH1,1,0.00027289687887987454
RAF1,COL4A1,1,0.00019371212996607896
RAI1,MMADHC,1,0.0002024959188016147
RARS2,AP4B1,1,0.00024343657588616572
RNF125,ADGRG6,1,0.0002514697300392262
RNF125,OTUD6B,1,0.0003302440085375545
RPS6KA3,TAF2,1,0.00016915823161345743
RUNX2,PLCB1,1,0.00021862688278803032
SCARF2,NBN,1,0.0001010250679149257
SETD1A,CHM,1,3.764434094419656e-05
SETD5,FANCC,1,0.00031903665896918486
SETD5,TBX22,1,6.238275287265124e-05
SHROOM4,FKBP14,1,5.8607573692042036e-05
SLC25A38,SETD1A,1,0.0002737630912375194
SLC33A1,SETD1A,1,0.00018503510974227815
SLC39A8,FRAS1,1,1.1190736127363934e-05
SLC39A8,PITX3,1,0.00029612464760133723
SMARCA4,TRMT1,1,0.0003420855352358333
SMPD4,MFSD2A,1,5.5582255873426726e-05
SNX14,PKD1L1,1,0.00026870438837462226
SOBP,RRM2B,1,9.552271778072421e-06
SPEG,APTX,1,1.77830836717141e-05
SRD5A3,ALAD,1,0.00023778131027179988
SYNJ1,STX1B,1,6.107507478524352e-05
TAB2,GLUL,1,0.00019516914196579473
TAB2,MFSD2A,1,0.0002672360102010524
TAB2,TRMT1,1,0.0002844046143308072
TAT,GLB1,1,0.00021558105265758137
TAT,GRIA3,1,2.859596810032618e-05
TCF4,WDR73,1,0.00022832239581142323
TIMM8A,PACS1,1,0.00021846897473804945
TMTC3,ISPD,1,0.00015741148253577313
TMTC3,TAB2,1,0.0003498061150117182
TPI1,SLC39A8,1,0.00021539781560186506
TRIT1,OTUD6B,1,1.0289302404251928e-05
TRMT1,CDH11,1,0.0001596313147642839
TRMT10A,SLC39A8,1,0.0003207902043101533
TSC2,CLN8,1,4.5572325193977944e-05
TSEN54,MGAT2,1,0.00029108267284460286
TUBGCP4,CA8,1,7.861680221977286e-05
UBE3A,NDP,1,0.0002513044119893975
WDR4,CSTB,1,0.00014817309124286386
WDR45B,COL4A1,1,4.3291730331413987e-05
ZIC3,PSMB8,1,0.0002979391484109067
ADPRHL2,CLP1,1,0.0003108785110536736
AFF4,ALAD,1,0.0003192257994968173
AFF4,FBXW4,1,6.443406513877023e-05
AHI1,KCNB1,1,0.00025001466494129767
AKT1,OTULIN,1,0.00032791425111367917
AKT1,PHIP,1,0.000299588498575546
AKT1,PIGG,1,0.00030369898579114644
ALPL,ARL14EP,1,6.249645746237754e-05
ALX3,B3GLCT,1,0.00022768379411396405
ANO5,PGM1,1,0.00030757820941212596
ANO5,WNT7A,1,1.2555008992920223e-05
AP3B2,LAS1L,1,0.00025059309609017116
AP4B1,CLCN7,1,0.00027950557034174745
APTX,CNOT3,1,0.00011110931858583719
ARMC9,RRM2B,1,0.0002476177565771894
ARSA,NDP,1,1.6976428686427866e-05
ASAH1,ATP1A1,1,0.00013474966365094172
AUH,ADPRHL2,1,1.594246582547478e-05
B3GALNT2,AP3B2,1,0.0001102433199294917
B3GALNT2,WAC,1,9.047947985434586e-06
B3GALNT2,ZBTB18,1,0.0003444863330304298
BHLHA9,ATP1A1,1,0.0001340063017244361
CACNA1D,IFT43,1,0.00029273562339094647
CACNA1D,MFSD2A,1,0.0002473188005402537
CCDC103,SPAG1,1,0.00022788729802077705
CCNO,SLC33A1,1,0.0001958128847235627
CHL1,KCNK9,1,0.0001035236631979487
CHL1,MMAA,1,0.00023884155854952063
CHL1,PAX6,1,0.00019740147115705487
CHM,IL1RAPL2,1,7.884837802982816e-05
CHM,NDUFS7,1,0.00019073437146656334
CLCN7,INPP5K,1,3.004719692527447e-05
CLCN7,PAFAH1B1,1,0.0001745907901530652
CLN3,CLCN7,1,9.688162858920757e-06
CNOT3,SLC4A1,1,0.0003488581002364837
CRADD,IFIH1,1,0.00020944952177310856
CYP27A1,FMN2,1,0.00012333665052447637
CYP7B1,HRAS,1,0.0001090164344068943
DBT,PITX2,1,9.883033099210246e-05
DCC,FTO,1,4.144063837803166e-05
DIAPH1,CDH15,1,5.651364349971051e-05
DIAPH1,HOXA13,1,0.0002858664142811354
DIP2B,KCND3,1,0.00015286055015020707
DIP2B,SLC35A1,1,0.00032325217531188074
DLL3,MCPH1,1,0.00011694406448873613
DNMT3B,PEX14,1,5.3557599165949795e-05
DYRK1A,AKT1,1,0.00031514727324537
EEF1A2,IDS,1,6.67466415535058e-05
EEF1A2,MMAA,1,8.469309782356214e-05
ETFDH,MAN2B1,1,4.3662089776922644e-06
EXT2,CRADD,1,5.712765575499957e-05
EXT2,TLK2,1,0.00020300944555188505
EXT2,TPI1,1,4.553600260243839e-05
FAM120C,TUBGCP4,1,0.00019614932650683175
FMN2,ALG8,1,2.3711963430213683e-05
FMN2,ARID2,1,0.00027692545351289864
FOLR1,INPP4A,1,8.680607484258917e-05
FOXE3,LMNA,1,0.0003398784812611847
FOXE3,TAT,1,7.450905666282554e-05
FOXE3,TMEM67,1,0.00018375636677506025
GJA1,COLEC11,1,0.00017861593269782685
GJB3,FOLR1,1,0.00023982806023788484
GNAI3,AKT1,1,6.542340923218732e-05
GRIA3,C12orf4,1,0.00015537803045715607
GRIA3,TUBGCP6,1,0.0001529842969966276
HCN1,IFIH1,1,6.502235104522932e-05
HERC1,TSEN54,1,0.00012693175395639045
HESX1,PITX2,1,0.0002016707458014453
HIST1H4C,ARL14EP,1,0.00023473819422956826
HMGCL,GPC3,1,0.00030711990493188855
HMGCL,KIF2A,1,0.00031020966927521195
HNF4A,SPAG1,1,0.0002278872980210941
HNMT,PEX13,1,5.025023684631694e-05
HRAS,KIF2A,1,0.0002973075696458395
IFITM5,DPYD,1,0.00027434520255070993
IFT43,DIP2B,1,0.0002299512050830439
ISPD,HERC2,1,6.356753519924713e-05
ISPD,SNRPB,1,0.0003094066198626974
KCTD7,PLOD2,1,0.00012360351766062434
KIF2A,ALX3,1,0.0002844071447927601
KLF1,TMTC3,1,0.00014011440084643723
L1CAM,AHI1,1,0.00020581097626845674
L1CAM,MMACHC,1,1.8957698908560002e-05
LAMB1,COL4A1,1,6.3052589784434654e-06
LAMB1,GFAP,1,0.00012213527149772363
LAMB1,OCLN,1,3.8429298822422794e-05
LHX3,ARV1,1,0.00010398502238467135
LHX3,NDUFV1,1,0.0001858310760856422
LHX3,OTUD6B,1,0.00021318658418242688
MAN2B1,RTTN,1,8.912455717578973e-05
MFSD2A,GABRB2,1,9.670848936058867e-05
MMACHC,FGFR3,1,0.00011709654933318797
MMP13,SPAG1,1,0.00022788729802072945
MOCS1,PITX2,1,0.00015911018191206472
NACC1,FOLR1,1,0.00017905537027413062
NACC1,TSHR,1,0.00017248155449896093
NAGA,ISPD,1,0.0002900951038806682
NBN,C5orf42,1,0.00014869604599162042
NBN,PITX2,1,0.00032049754199918175
NODAL,MMACHC,1,0.0002111350318199935
NPHS1,ALDH4A1,1,3.317304036687195e-05
NPHS1,ELP2,1,0.000129107530961281
OTC,SPAG1,1,0.00022788729802077708
OTUD6B,SCN1A,1,9.806643527823334e-05
PAX9,ISPD,1,0.00016967861163670077
PEX1,GRM6,1,0.0002275701572896196
PEX1,MCOLN1,1,0.00016364434289728195
PEX14,AP1S2,1,3.401783882520108e-05
PGM3,DIAPH1,1,0.00026073429372253413
PLOD2,SYNJ1,1,0.00034832371475935337
PNPO,FMN2,1,8.58793237069224e-05
POGZ,PRSS12,1,0.00030887087263229676
POMGNT1,SMPD4,1,0.00011093057792508033
PPM1D,MCPH1,1,0.00017625400511187995
PRSS12,FOLR1,1,0.000345695055201981
PSMB8,MCPH1,1,5.349870125953484e-05
PTPN11,PLOD2,1,0.000340083841627013
QRICH1,RBBP8,1,0.00019876994301229348
RAC1,QRICH1,1,0.00027289687887987454
RAF1,ANKH,1,0.00018070359827338173
RAF1,COL4A1,1,0.00019371212996607896
RARS2,AP4B1,1,0.00024343657588616572
RASA1,AKT1,1,0.0001560869677681899
RASA1,SLC33A1,1,0.0002088626854950363
RASA1,SMARCA4,1,0.00032628225439121437
RBM28,ISPD,1,0.00030570065712295355
RPE65,SPAG1,1,0.00022788729802077708
RPS6KA3,TAF2,1,0.00016915823161345743
SALL1,PGM1,1,0.00022904489050669624
SATB2,CHL1,1,5.382236963662566e-06
SETD1A,CHM,1,3.764434094419656e-05
SETD5,TBX22,1,6.238275287265124e-05
SHANK2,CHM,1,0.00012877797878856818
SLC33A1,SETD1A,1,0.00018503510974227815
SLC39A8,FRAS1,1,1.1190736127363934e-05
SLC6A1,CLN8,1,0.00012941230022855512
SMARCA4,PCCA,1,0.00017404099216005022
SMARCA4,TRMT1,1,0.0003420855352358333
SMARCD1,HNMT,1,0.0003250707948326943
SMPD4,MFSD2A,1,5.5582255873426726e-05
SNX14,PKD1L1,1,0.00026870438837462226
SOBP,ABCC9,1,0.00030152498175064406
SOBP,RRM2B,1,9.552271778072421e-06
SPEG,APTX,1,1.77830836717141e-05
SPEG,GJB3,1,8.133901270630243e-05
SPEG,USP9X,1,9.380495928850743e-05
SRD5A3,ALAD,1,0.00023778131027179988
STX1B,ANK3,1,1.9423258781478366e-05
SYNJ1,STX1B,1,6.107507478524352e-05
TAT,GRIA3,1,2.859596810032618e-05
TBX22,FAM20A,1,0.000301405011245888
TCF4,WDR73,1,0.00022832239581142323
TMTC3,ISPD,1,0.00015741148253577313
TPI1,SLC39A8,1,0.00021539781560186506
TRIT1,OTUD6B,1,1.0289302404251928e-05
TRMT1,CDH11,1,0.0001596313147642839
TRMT10A,SLC39A8,1,0.0003207902043101533
TSC2,CLN8,1,4.5572325193977944e-05
TUBGCP4,CA8,1,7.861680221977286e-05
TUBGCP4,SOBP,1,2.2035034525819546e-05
TUBGCP4,TWIST1,1,0.00019442383461334677
UBE3A,NDP,1,0.0002513044119893975
WASF1,HNMT,1,0.00015714184017352932
WDR4,CSTB,1,0.00014817309124286386
WDR45,TCF4,1,0.00022783356907746092
WDR45B,COL4A1,1,4.3291730331413987e-05
WDR45B,ENPP1,1,0.00015734254009276902
WNT7A,FOXE1,1,9.665190886925792e-05
ZDHHC15,PLOD2,1,0.0002618108640437757
ZIC3,CCDC103,1,9.403212526684656e-05
ZIC3,DSPP,1,0.00016557867378517508
ZIC3,PSMB8,1,0.0002979391484109067
ZIC3,RPE65,1,9.403212526685178e-05
ABCC9,DYM,1,0.00014449972180671932
ADGRG1,TMEM67,1,0.00022612861709885756
AFF4,FBXW4,1,6.443406513877023e-05
AGL,KCTD7,1,7.027160850300912e-05
AHI1,KCNB1,1,0.00025001466494129767
AKT1,PHIP,1,0.000299588498575546
AKT1,PIGG,1,0.00030369898579114644
ALDH3A2,KCTD7,1,0.0001423431369647208
ALG8,GTPBP2,1,0.0002439111021581041
ALG8,TSPAN7,1,0.00014149493634432392
ALX3,B3GLCT,1,0.00022768379411396405
ASAH1,ATP1A1,1,0.00013474966365094172
ATAD3A,SLC4A1,1,0.00025948325970721257
ATM,FOXE1,1,0.0001262626071865198
B3GALNT2,WAC,1,9.047947985434586e-06
B3GALNT2,ZBTB18,1,0.0003444863330304298
B3GLCT,ARID1B,1,9.059455691194865e-05
BSND,CCDC103,1,0.00019658376764541223
BSND,DSPP,1,0.00024821168685989586
BSND,RPE65,1,0.0001965837676454123
CCDC103,SPAG1,1,0.00022788729802077705
CCNO,SLC33A1,1,0.0001958128847235627
CDH15,ALG3,1,0.00033863813133831847
CDH15,SMAD4,1,0.0003075474071041745
CDK5RAP2,CLN3,1,0.00019896485534637407
CEP63,PTPN11,1,4.817407309193522e-05
CHL1,KCNK9,1,0.0001035236631979487
CHL1,PAX6,1,0.00019740147115705487
CHM,IL1RAPL2,1,7.884837802982816e-05
CHM,NDUFS7,1,0.00019073437146656334
CLCN7,INPP5K,1,3.004719692527447e-05
CLCN7,PAFAH1B1,1,0.0001745907901530652
CLN3,CLCN7,1,9.688162858920757e-06
CLN3,SLC9A6,1,0.0001502220480963395
CNOT3,SLC4A1,1,0.0003488581002364837
COL18A1,CYP7B1,1,0.0003467815547377191
CYP27A1,FMN2,1,0.00012333665052447637
CYP7B1,HRAS,1,0.0001090164344068943
DBT,PITX2,1,9.883033099210246e-05
DCX,KCNK9,1,1.4011362862660131e-05
DHDDS,KCNB1,1,0.0001255499589392252
DIAPH1,CDH15,1,5.651364349971051e-05
DIAPH1,HOXA13,1,0.0002858664142811354
DIP2B,KCND3,1,0.00015286055015020707
DIP2B,SLC35A1,1,0.00032325217531188074
DLL3,MCPH1,1,0.00011694406448873613
DYRK1A,AKT1,1,0.00031514727324537
DYRK1A,GATA2,1,0.0001472125029144701
DYRK1A,TRPM1,1,0.0002672251781685784
EEF1A2,IDS,1,6.67466415535058e-05
ELAC2,PAX9,1,0.00030136088802573875
EXT2,TLK2,1,0.00020300944555188505
FAM120C,TUBGCP4,1,0.00019614932650683175
FAM20A,SLC25A26,1,0.00024324760196470672
FANCA,HIST1H4C,1,7.515808228606474e-05
FMN2,ALG8,1,2.3711963430213683e-05
FOXE3,LMNA,1,0.0003398784812611847
FOXE3,TMEM67,1,0.00018375636677506025
GBA,HERC2,1,6.760705080092834e-05
GFAP,BCKDHA,1,0.00011755799818469991
GLMN,KCNK9,1,5.2654340787695556e-05
GNAI3,AKT1,1,6.542340923218732e-05
GNAI3,SAMHD1,1,4.888869452592217e-05
GRIA3,C12orf4,1,0.00015537803045715607
GRIA3,TUBGCP6,1,0.0001529842969966276
HCN1,IFIH1,1,6.502235104522932e-05
HCN1,TGFBR1,1,2.7155213420414513e-05
HESX1,PITX2,1,0.0002016707458014453
HIST1H4C,ARL14EP,1,0.00023473819422956826
HMGCL,GPC3,1,0.00030711990493188855
HNF4A,SPAG1,1,0.0002278872980210941
HNRNPK,FGFR3,1,0.00015458810062613684
IL1RAPL2,ALDH5A1,1,4.032209495882182e-05
IL1RAPL2,CARS2,1,0.0002730339351757219
IL1RAPL2,COG5,1,0.0003416903397543268
IL1RAPL2,TTC19,1,0.00032812003166296256
ISPD,HERC2,1,6.356753519924713e-05
ISPD,SNRPB,1,0.0003094066198626974
KCND3,OSGEP,1,9.328924109547667e-05
KCTD7,PLOD2,1,0.00012360351766062434
KIF1A,KCTD7,1,0.00022951850521806569
LAMB1,GFAP,1,0.00012213527149772363
LAMB1,OCLN,1,3.8429298822422794e-05
LHX3,ARV1,1,0.00010398502238467135
LHX3,NDUFV1,1,0.0001858310760856422
MGP,SLC4A1,1,0.00012021113743295757
MMACHC,FGFR3,1,0.00011709654933318797
MOCS1,PITX2,1,0.00015911018191206472
NACC1,TSHR,1,0.00017248155449896093
NAGA,ISPD,1,0.0002900951038806682
NHS,HNF4A,1,0.00020425154006365232
NODAL,MMACHC,1,0.0002111350318199935
NPHS1,ALDH4A1,1,3.317304036687195e-05
NYX,FOXE1,1,0.00022413375879012172
OCLN,ASS1,1,0.0002902924254626977
OCLN,TSHR,1,7.420025531882926e-05
OTC,SPAG1,1,0.00022788729802077708
PAX9,ISPD,1,0.00016967861163670077
PCCA,BBS5,1,0.00010521959704925377
PEX1,MCOLN1,1,0.00016364434289728195
PHIP,SOX17,1,0.0002631085768390094
PIGH,FAM20A,1,7.215348345784045e-05
PMS2,KCTD7,1,0.0003440017589186723
PNPO,FMN2,1,8.58793237069224e-05
POGZ,PRSS12,1,0.00030887087263229676
POMGNT1,SMPD4,1,0.00011093057792508033
PPM1D,KIF7,1,0.0002395477158844555
PPM1D,MCPH1,1,0.00017625400511187995
PTPN11,PLOD2,1,0.000340083841627013
QDPR,CLN3,1,0.00028510031413135053
RAD21,KCNK9,1,0.000110875851583345
RAF1,ANKH,1,0.00018070359827338173
RASA1,AKT1,1,0.0001560869677681899
RASA1,SLC33A1,1,0.0002088626854950363
RASA1,SMARCA4,1,0.00032628225439121437
RBM28,ISPD,1,0.00030570065712295355
RPE65,SPAG1,1,0.00022788729802077708
SALL1,PGM1,1,0.00022904489050669624
SATB2,CHL1,1,5.382236963662566e-06
SATB2,NT5C2,1,3.0579041388611044e-05
SCN8A,SLC6A1,1,4.096032235420463e-06
SHANK2,CHM,1,0.00012877797878856818
SHANK2,KDM6A,1,0.0002748378976812657
SLC26A2,CCNO,1,5.424516615107763e-05
SLC35A1,HCN1,1,0.0002647885436277136
SLC4A1,LAMA2,1,5.4687450311125214e-05
SLC6A1,CLN8,1,0.00012941230022855512
SLC6A1,DDHD2,1,2.507406804981289e-05
SMARCA4,PCCA,1,0.00017404099216005022
SMARCD1,GABBR2,1,0.00022732660951923104
SMARCD1,HNMT,1,0.0003250707948326943
SOBP,ABCC9,1,0.00030152498175064406
SPEG,USP9X,1,9.380495928850743e-05
STX1B,ANK3,1,1.9423258781478366e-05
SYP,GPC3,1,0.00011711826427065965
TBX22,FAM20A,1,0.000301405011245888
TCF20,HERC2,1,4.703210004993023e-05
TECR,PAFAH1B1,1,0.0001898859019124143
TGIF1,WAC,1,0.00018873999502242757
TLK2,MYO5B,1,7.414290048435122e-05
TLK2,PLK4,1,2.2277915202250055e-05
TMEM135,KCNK9,1,0.00029006864626983283
TUBA8,FAM120C,1,0.0002529468771277864
TUBGCP4,TWIST1,1,0.00019442383461334677
TUSC3,PAX6,1,0.0002981401400228779
WAC,CNKSR2,1,2.707963847322787e-05
WASF1,HNMT,1,0.00015714184017352932
WASF1,TRIP11,1,3.276575329474808e-05
WDR45,TCF4,1,0.00022783356907746092
WDR45B,ENPP1,1,0.00015734254009276902
WNT7A,FOXE1,1,9.665190886925792e-05
ZBTB18,DHX30,1,6.263364365282374e-05
ZBTB20,KCND3,1,4.3151828293856227e-05
ZDHHC15,PLOD2,1,0.0002618108640437757
ZIC3,CCDC103,1,9.403212526684656e-05
ZIC3,DSPP,1,0.00016557867378517508
ZIC3,RPE65,1,9.403212526685178e-05
ZNF148,FGFR3,1,0.00028062485539907415
AASS,LAMA2,1,0.00032339151361459115
AASS,NT5C2,1,0.00028146920140952275
ABCC9,DYM,1,0.00014449972180671932
ADGRG1,TMEM67,1,0.00022612861709885756
AGL,GRM1,1,8.776186263516565e-05
AGL,KCTD7,1,7.027160850300912e-05
ALDH3A2,BRWD3,1,8.526734379803252e-05
ALDH3A2,KCTD7,1,0.0001423431369647208
ALG8,GTPBP2,1,0.0002439111021581041
ALG8,TSPAN7,1,0.00014149493634432392
ATAD3A,SLC4A1,1,0.00025948325970721257
ATM,FOXE1,1,0.0001262626071865198
ATM,RPL10,1,2.841837319135705e-06
ATR,GTPBP2,1,0.0001424043351225269
ATR,NT5C2,1,9.917130197583948e-05
B3GLCT,ARID1B,1,9.059455691194865e-05
BBS5,GJC2,1,5.1473974666412574e-05
BBS5,TBR1,1,0.0002632387015528933
BSND,CCDC103,1,0.00019658376764541223
BSND,DSPP,1,0.00024821168685989586
BSND,RPE65,1,0.0001965837676454123
CCDC40,GTPBP2,1,0.00013504728640084267
CDC42,HNRNPK,1,9.397135490753648e-05
CDH15,ALG3,1,0.00033863813133831847
CDH15,SMAD4,1,0.0003075474071041745
CDK13,SCN8A,1,0.00020829497481311308
CDK5RAP2,CLN3,1,0.00019896485534637407
CDK5RAP2,LAMP2,1,0.00015869267297806546
CEP63,PTPN11,1,4.817407309193522e-05
CEP63,RPS23,1,0.00016635981146654444
CLN3,SLC9A6,1,0.0001502220480963395
CNKSR2,AASS,1,0.00025844167342589495
COL10A1,MYO5B,1,0.0002546161320356043
COL18A1,CYP7B1,1,0.0003467815547377191
DCAF17,COG5,1,0.0002713088993734812
DCX,KCNK9,1,1.4011362862660131e-05
DHDDS,KCNB1,1,0.0001255499589392252
DYRK1A,GATA2,1,0.0001472125029144701
DYRK1A,TRPM1,1,0.0002672251781685784
ELAC2,L2HGDH,1,0.0002858783275030118
ELAC2,NT5C3A,1,2.5738243341107945e-05
ELAC2,PAX9,1,0.00030136088802573875
FAM126A,BBS5,1,0.00027954203767278484
FAM20A,SLC25A26,1,0.00024324760196470672
FANCA,HIST1H4C,1,7.515808228606474e-05
FBXL4,TRIP11,1,4.060493260339289e-05
FLT4,DHDDS,1,5.541474985464715e-06
GABBR2,CHD2,1,0.00016959829039427568
GATA2,JAGN1,1,0.00020174221437021478
GBA,BCKDHA,1,0.00029768486742769146
GBA,HERC2,1,6.760705080092834e-05
GFAP,BCKDHA,1,0.00011755799818469991
GLMN,INPPL1,1,0.00032667896691026773
GLMN,KCNK9,1,5.2654340787695556e-05
GNAI3,SAMHD1,1,4.888869452592217e-05
GNPTG,ZNF148,1,0.00013739489634885426
HCN1,TGFBR1,1,2.7155213420414513e-05
HNRNPK,FGFR3,1,0.00015458810062613684
IL1RAPL2,ALDH5A1,1,4.032209495882182e-05
IL1RAPL2,CARS2,1,0.0002730339351757219
IL1RAPL2,COG5,1,0.0003416903397543268
IL1RAPL2,TTC19,1,0.00032812003166296256
KCND3,OSGEP,1,9.328924109547667e-05
KDM6A,CDK16,1,0.00013687379158073122
KDM6A,SLC6A3,1,4.265934465380743e-05
KIDINS220,PLK4,1,0.00021709194599053698
KIF1A,KCTD7,1,0.00022951850521806569
KIT,KDM6A,1,0.00032534324203233023
MAOA,KIF7,1,8.837010716879461e-05
MAOA,MYO5B,1,0.0003034562166318662
MGP,SLC4A1,1,0.00012021113743295757
NHS,HNF4A,1,0.00020425154006365232
NOG,MYO5B,1,0.00026325314595639196
NYX,FOXE1,1,0.00022413375879012172
NYX,GATA6,1,0.00011472670317555664
OCLN,ASS1,1,0.0002902924254626977
OSGEP,MAOA,1,0.0001687785358020277
PANK2,DYM,1,2.7475435382750228e-05
PCCA,BBS5,1,0.00010521959704925377
PHIP,SOX17,1,0.0002631085768390094
PIGH,FAM20A,1,7.215348345784045e-05
PIGH,TGFBR2,1,0.0002984237772820364
PLK4,SPTAN1,1,0.00017614913360603244
PMS2,COASY,1,0.00023328163199415686
PMS2,KCTD7,1,0.0003440017589186723
POC1B,OSGEP,1,1.1617408578117791e-05
PPM1D,KIF7,1,0.0002395477158844555
PRRT2,TUBA8,1,3.363945004166287e-06
PRSS56,GLMN,1,0.00015947047393310559
QDPR,ABCD4,1,0.00016236874938318292
QDPR,CLN3,1,0.00028510031413135053
QDPR,HPRT1,1,0.00027369422190197813
RAD21,KCNK9,1,0.000110875851583345
RFT1,PLK4,1,3.50452901277464e-05
RPS19,ATM,1,0.00018139626972278578
SATB2,NT5C2,1,3.0579041388611044e-05
SCN8A,CC2D2A,1,0.000200364781779803
SCN8A,SLC6A1,1,4.096032235420463e-06
SHANK2,KDM6A,1,0.0002748378976812657
SLC26A2,CCNO,1,5.424516615107763e-05
SLC31A1,DDHD2,1,0.00029370607258650134
SLC4A1,LAMA2,1,5.4687450311125214e-05
SLC6A1,DDHD2,1,2.507406804981289e-05
SLC9A6,NYX,1,0.00033276037899004554
SMARCD1,GABBR2,1,0.00022732660951923104
SMCHD1,ALDH3A2,1,0.00019285149213654193
SRY,CEP63,1,2.2615888834777338e-05
SYP,ALX4,1,9.480849714194043e-05
SYP,GPC3,1,0.00011711826427065965
TCF20,GPSM2,1,0.0002472545638548482
TCF20,HERC2,1,4.703210004993023e-05
TECR,PAFAH1B1,1,0.0001898859019124143
TGIF1,WAC,1,0.00018873999502242757
THRB,DDHD2,1,9.26054845224403e-05
TLK2,MYO5B,1,7.414290048435122e-05
TLK2,PLK4,1,2.2277915202250055e-05
TMEM135,KCNK9,1,0.00029006864626983283
TRAPPC9,CDK5RAP2,1,0.00031827517130948594
TRIP12,TTC19,1,3.389091700797176e-05
TTC19,RPGRIP1,1,0.00016879952860731425
TUBA8,FAM120C,1,0.0002529468771277864
TUSC3,PAX6,1,0.0002981401400228779
USP27X,CARS2,1,0.00019727652710697298
VPS53,DHX30,1,0.00010116967434985217
WAC,CNKSR2,1,2.707963847322787e-05
WASF1,TRIP11,1,3.276575329474808e-05
ZBTB18,DHX30,1,6.263364365282374e-05
ZBTB20,KCND3,1,4.3151828293856227e-05
ZNF148,FGFR3,1,0.00028062485539907415
ZNF148,GMPPB,1,0.0003156669076451309
AASS,LAMA2,1,0.00032339151361459115
AASS,NT5C2,1,0.00028146920140952275
AGL,GRM1,1,8.776186263516565e-05
ALDH3A2,BRWD3,1,8.526734379803252e-05
ARFGEF2,TRAPPC9,1,0.00020614260737798347
ASPM,GNPTG,1,2.813261405464622e-05
ATM,RPL10,1,2.841837319135705e-06
ATR,GTPBP2,1,0.0001424043351225269
ATR,NT5C2,1,9.917130197583948e-05
BBS5,GJC2,1,5.1473974666412574e-05
BBS5,TBR1,1,0.0002632387015528933
CCDC40,GTPBP2,1,0.00013504728640084267
CDC42,HNRNPK,1,9.397135490753648e-05
CDK13,SCN8A,1,0.00020829497481311308
CDK5RAP2,LAMP2,1,0.00015869267297806546
CEP63,RPS23,1,0.00016635981146654444
CHD2,SLC25A12,1,0.00029553223059169536
CNKSR2,AASS,1,0.00025844167342589495
COL10A1,CA2,1,0.0002939106486212608
COL10A1,MYO5B,1,0.0002546161320356043
DCAF17,COG5,1,0.0002713088993734812
DDOST,KIDINS220,1,0.0002436554078582502
ELAC2,L2HGDH,1,0.0002858783275030118
ELAC2,NT5C3A,1,2.5738243341107945e-05
ERCC3,GMPPB,1,0.00012787011302288156
FAM126A,BBS5,1,0.00027954203767278484
FBXL4,EBF3,1,9.779104814122476e-05
FBXL4,TRIP11,1,4.060493260339289e-05
FLT4,DHDDS,1,5.541474985464715e-06
GABBR2,CHD2,1,0.00016959829039427568
GATA2,JAGN1,1,0.00020174221437021478
GJB2,GPSM2,1,0.00025511618700203316
GLMN,INPPL1,1,0.00032667896691026773
GMPPB,PAPSS2,1,0.00015600470531636584
GNPTG,ZNF148,1,0.00013739489634885426
GPSM2,FOXP2,1,0.00032201602391239913
GRM1,INPPL1,1,0.00012080216888518105
HPRT1,BBS1,1,0.00016360517543143692
ITGA7,CHD2,1,6.086040472023522e-05
KAT6A,GNPTG,1,0.00012655639911412275
KDM6A,CDK16,1,0.00013687379158073122
KDM6A,SLC6A3,1,4.265934465380743e-05
KIDINS220,PLK4,1,0.00021709194599053698
KIT,AIPL1,1,1.4438989109558231e-05
KIT,KDM6A,1,0.00032534324203233023
KIT,PKHD1,1,3.0542599216945885e-05
L2HGDH,TUBB2B,1,0.000263411391465563
MAOA,KIF7,1,8.837010716879461e-05
MAOA,MYO5B,1,0.0003034562166318662
MAP3K1,FBXL4,1,6.979739862719366e-05
NFIX,RPGRIP1,1,0.00027763352916464033
NOG,KCNJ11,1,3.643880428375561e-05
NOG,MYO5B,1,0.00026325314595639196
NT5C3A,ST3GAL3,1,6.253348890271244e-05
NYX,GATA6,1,0.00011472670317555664
OSGEP,MAOA,1,0.0001687785358020277
PANK2,DYM,1,2.7475435382750228e-05
PANK2,PRKD1,1,0.00026775322006830415
PIGH,TGFBR2,1,0.0002984237772820364
PLK4,SPTAN1,1,0.00017614913360603244
PMS2,COASY,1,0.00023328163199415686
POC1B,OSGEP,1,1.1617408578117791e-05
POC1B,SPATA5,1,0.00021116528497518467
PRRT2,IGF1R,1,6.653212873723397e-05
PRRT2,TUBA8,1,3.363945004166287e-06
PRSS56,GLMN,1,0.00015947047393310559
PRSS56,HINT1,1,0.0003248237564870005
PRSS56,SUOX,1,7.831422771434271e-05
PUF60,USP27X,1,0.00021582403597987388
QDPR,ABCD4,1,0.00016236874938318292
QDPR,HPRT1,1,0.00027369422190197813
RFT1,PLK4,1,3.50452901277464e-05
RPS19,ATM,1,0.00018139626972278578
RPS19,TAF1,1,2.8833508015921095e-05
RPS23,FANCE,1,0.00033463721376190004
SCN8A,CC2D2A,1,0.000200364781779803
SLC13A5,RPS23,1,0.00014122861709076968
SLC31A1,DDHD2,1,0.00029370607258650134
SLC39A13,VPS53,1,2.2891786704888677e-05
SMARCE1,RPL10,1,8.110390906537967e-05
SMCHD1,ALDH3A2,1,0.00019285149213654193
SPATA5,TRIP12,1,0.0002887800734326917
SRY,CEP63,1,2.2615888834777338e-05
STAR,POC1B,1,1.427202888658456e-05
SYP,ALX4,1,9.480849714194043e-05
TCF20,GPSM2,1,0.0002472545638548482
THRB,DDHD2,1,9.26054845224403e-05
THRB,MID1,1,0.0001792414593441437
TMLHE,RPS23,1,0.00026436641901830246
TRAPPC2,NT5C3A,1,0.00024930373540561117
TRAPPC9,CDK5RAP2,1,0.00031827517130948594
TRAPPC9,CEP83,1,4.009279112476222e-05
TRIP12,TTC19,1,3.389091700797176e-05
TTC19,RPGRIP1,1,0.00016879952860731425
USP27X,AMER1,1,3.747397772757863e-05
USP27X,CARS2,1,0.00019727652710697298
VPS53,DHX30,1,0.00010116967434985217
VPS53,PORCN,1,1.3678242124713044e-05
ZNF148,GMPPB,1,0.0003156669076451309
ABCC6,EBF3,1,7.359568757227792e-05
ARFGEF2,FGF8,1,0.00017285482282833561
ARFGEF2,TRAPPC9,1,0.00020614260737798347
ASPM,GNPTG,1,2.813261405464622e-05
ASPM,MED17,1,8.631182332751303e-05
BBS1,NANS,1,0.000335699685975223
BBS1,NLGN3,1,0.00015754095287034487
CHD2,SLC25A12,1,0.00029553223059169536
CLTC,ERCC3,1,9.046986572438667e-05
COL10A1,CA2,1,0.0002939106486212608
COL4A3,KCNJ11,1,0.00013262994598454368
DDOST,KIDINS220,1,0.0002436554078582502
DDOST,PAPSS2,1,8.885360496983512e-05
DMD,ASPM,1,0.00034502343549609304
EBF3,IHH,1,0.00014715592123711697
ERCC3,CAMTA1,1,0.000173001960591604
ERCC3,GMPPB,1,0.00012787011302288156
FANCE,HOXA1,1,0.00010533858823459264
FASN,ASPM,1,0.0003311195818321084
FBXL4,EBF3,1,9.779104814122476e-05
GDI1,SLC25A12,1,0.00010676465078874556
GJB2,GPSM2,1,0.00025511618700203316
GMPPB,PAPSS2,1,0.00015600470531636584
GPSM2,FOXP2,1,0.00032201602391239913
HPRT1,BBS1,1,0.00016360517543143692
ITGA7,CHD2,1,6.086040472023522e-05
KAT6A,GNPTG,1,0.00012655639911412275
KCNJ11,LARGE1,1,0.0003138735867996144
KCNQ3,ARFGEF2,1,0.00018406620277793115
KIT,AIPL1,1,1.4438989109558231e-05
KIT,PKHD1,1,3.0542599216945885e-05
L2HGDH,TUBB2B,1,0.000263411391465563
MAP3K1,FBXL4,1,6.979739862719366e-05
NFIX,ALG11,1,0.00034788686730943493
NFIX,RPGRIP1,1,0.00027763352916464033
NOG,KCNJ11,1,3.643880428375561e-05
NT5C3A,ST3GAL3,1,6.253348890271244e-05
OPA3,ST3GAL3,1,4.7891474330985025e-05
OPHN1,SLC25A12,1,0.0001232598526071887
PANK2,PRKD1,1,0.00026775322006830415
PGAP1,TAF1,1,0.00026482395359468317
PKHD1,ALDH7A1,1,0.00024078726461487847
PKHD1,MLC1,1,0.0001274942679782236
POC1B,SPATA5,1,0.00021116528497518467
PRKD1,TRIO,1,5.50145351456364e-05
PRRT2,IGF1R,1,6.653212873723397e-05
PRSS56,HINT1,1,0.0003248237564870005
PRSS56,SUOX,1,7.831422771434271e-05
PUF60,USP27X,1,0.00021582403597987388
RPS19,TAF1,1,2.8833508015921095e-05
RPS23,FANCE,1,0.00033463721376190004
SLC13A5,RPS23,1,0.00014122861709076968
SLC25A12,PIK3R2,1,0.0001895245249750323
SLC39A13,VPS53,1,2.2891786704888677e-05
SMARCA2,CA2,1,0.00014887970540477865
SMARCE1,RPL10,1,8.110390906537967e-05
SPATA5,TRIP12,1,0.0002887800734326917
STAR,POC1B,1,1.427202888658456e-05
SUOX,PEX16,1,0.0003194355959734561
TGFB3,BBS1,1,0.0002693961016584631
THRB,MID1,1,0.0001792414593441437
TMEM231,SLC25A12,1,0.0002947015504919385
TMLHE,AP4M1,1,0.0002236350261254207
TMLHE,RPS23,1,0.00026436641901830246
TRAPPC2,NT5C3A,1,0.00024930373540561117
TRAPPC9,CEP83,1,4.009279112476222e-05
USP27X,AMER1,1,3.747397772757863e-05
VPS53,PORCN,1,1.3678242124713044e-05
ABCC6,EBF3,1,7.359568757227792e-05
AHCY,OPA3,1,0.00027257708528332085
ALG11,GABRB3,1,0.00016014024592590843
ALG11,IDH2,1,0.0002651096793020829
ARFGEF2,FGF8,1,0.00017285482282833561
ASPM,MED17,1,8.631182332751303e-05
BBS1,NANS,1,0.000335699685975223
BBS1,NLGN3,1,0.00015754095287034487
CAMTA1,FGF8,1,0.0001183727518908574
CEP152,TRIO,1,0.0001761225975220135
CLTC,ERCC3,1,9.046986572438667e-05
COL4A3,KCNJ11,1,0.00013262994598454368
DMD,ASPM,1,0.00034502343549609304
DMD,DDX11,1,0.0001885072839295692
DMD,FRY,1,2.3700357597811737e-05
EBF3,IHH,1,0.00014715592123711697
ERCC3,CAMTA1,1,0.000173001960591604
EVC,PEX16,1,0.0003060136976946282
FANCE,HOXA1,1,0.00010533858823459264
FASN,ASPM,1,0.0003311195818321084
FGF8,FASN,1,0.000123753088993892
GDI1,SLC25A12,1,0.00010676465078874556
HYLS1,NANS,1,0.00011939857686181148
KCNJ11,LARGE1,1,0.0003138735867996144
KCNQ3,ARFGEF2,1,0.00018406620277793115
KIAA1033,CAMTA1,1,0.0001580829693524975
NANS,CCT5,1,0.000317583116811981
NFIX,ALG11,1,0.00034788686730943493
NLGN3,CUL4B,1,0.00014145314710269346
OCRL,CAMTA1,1,0.0001116764061350805
OPA3,ST3GAL3,1,4.7891474330985025e-05
OPHN1,GLDC,1,0.0002986342201417799
OPHN1,SLC25A12,1,0.0001232598526071887
PEX16,ROBO3,1,0.00034374015792868373
PGAP1,FUCA1,1,0.0002964443566676577
PGAP1,TAF1,1,0.00026482395359468317
PKHD1,ALDH7A1,1,0.00024078726461487847
PKHD1,MLC1,1,0.0001274942679782236
PRKD1,TRIO,1,5.50145351456364e-05
SLC25A12,PIK3R2,1,0.0001895245249750323
SMARCA2,CA2,1,0.00014887970540477865
SUOX,PEX16,1,0.0003194355959734561
TGFB3,BBS1,1,0.0002693961016584631
TMEM231,SLC25A12,1,0.0002947015504919385
TMLHE,AP4M1,1,0.0002236350261254207
AARS,DDX11,1,0.0003331698078073274
AHCY,FAT4,1,0.0003037679684372727
AHCY,OPA3,1,0.00027257708528332085
ALG11,GABRB3,1,0.00016014024592590843
ALG11,IDH2,1,0.0002651096793020829
BRPF1,GLDC,1,1.4510284081726321e-05
CEP152,TRIO,1,0.0001761225975220135
CIT,AHCY,1,0.00021298067626598528
DMD,DDX11,1,0.0001885072839295692
DMD,FRY,1,2.3700357597811737e-05
ERCC1,AHCY,1,4.275610132009464e-05
EVC,PEX16,1,0.0003060136976946282
HYLS1,NANS,1,0.00011939857686181148
KIAA1033,CAMTA1,1,0.0001580829693524975
NALCN,DDX11,1,0.0001524030649365643
NANS,CCT5,1,0.000317583116811981
NLGN3,CUL4B,1,0.00014145314710269346
NPC2,DDX11,1,2.3920215200756708e-05
OCRL,CAMTA1,1,0.0001116764061350805
OPHN1,GLDC,1,0.0002986342201417799
PEX16,ROBO3,1,0.00034374015792868373
PGAP1,FUCA1,1,0.0002964443566676577
PHF21A,ROBO3,1,0.0002361779505112968
PIK3R1,EVC,1,0.0001439861683170401
AARS,DDX11,1,0.0003331698078073274
AHCY,FAT4,1,0.0003037679684372727
BRPF1,GLDC,1,1.4510284081726321e-05
CIT,AHCY,1,0.00021298067626598528
CIT,NRXN1,1,0.00018582058072351618
ERCC1,AHCY,1,4.275610132009464e-05
FLVCR2,NPC2,1,0.0002823985140244202
NALCN,DDX11,1,0.0001524030649365643
NPC2,DDX11,1,2.3920215200756708e-05
NPC2,NPHP3,1,0.00021458891915526648
PHF21A,ROBO3,1,0.0002361779505112968
PIK3R1,EVC,1,0.0001439861683170401
TBCD,FAT4,1,0.00011504496426091704
CIT,NRXN1,1,0.00018582058072351618
FLVCR2,NPC2,1,0.0002823985140244202
NPC2,NPHP3,1,0.00021458891915526648
TBCD,FAT4,1,0.00011504496426091704
